[
	{
		"inputs": [
			{
				"internalType": "uint256",
				"name": "_index",
				"type": "uint256"
			}
		],
		"name": "buyProduct",
		"outputs": [],
		"stateMutability": "payable",
		"type": "function"
	},
	{
		"inputs": [],
		"name": "getProductsLength",
		"outputs": [
			{
				"internalType": "uint256",
				"name": "",
				"type": "uint256"
			}
		],
		"stateMutability": "view",
		"type": "function"
	},
	{
		"inputs": [
			{
				"internalType": "uint256",
				"name": "_index",
				"type": "uint256"
			}
		],
		"name": "readProduct",
		"outputs": [
			{
				"internalType": "address payable",
				"name": "",
				"type": "address"
			},
			{
				"internalType": "string",
				"name": "",
				"type": "string"
			},
			{
				"internalType": "string",
				"name": "",
				"type": "string"
			},
			{
				"internalType": "string",
				"name": "",
				"type": "string"
			},
			{
				"internalType": "string",
				"name": "",
				"type": "string"
			},
			{
				"internalType": "uint256",
				"name": "",
				"type": "uint256"
			},
			{
				"internalType": "uint256",
				"name": "",
				"type": "uint256"
			}
		],
		"stateMutability": "view",
		"type": "function"
	},
	{
		"inputs": [
			{
				"internalType": "string",
				"name": "_name",
				"type": "string"
			},
			{
				"internalType": "string",
				"name": "_image",
				"type": "string"
			},
			{
				"internalType": "string",
				"name": "_description",
				"type": "string"
			},
			{
				"internalType": "string",
				"name": "_location",
				"type": "string"
			},
			{
				"internalType": "uint256",
				"name": "_price",
				"type": "uint256"
			}
		],
		"name": "writeProduct",
		"outputs": [],
		"stateMutability": "nonpayable",
		"type": "function"
	}
]